time_s,minute,segment_index
500.0,8.333333333333334,2
740.0,12.333333333333334,3
1220.0,20.333333333333332,7
